{"cameraMode":{"drawMode":0,"name":"Shaded","section":"Shading Mode"},"sceneLighting":true,"audioPlay":false,"sceneViewState":{"m_AlwaysRefresh":false,"showFog":true,"showSkybox":true,"showFlares":true,"showImageEffects":true,"showParticleSystems":true,"showVisualEffectGraphs":true,"m_FxEnabled":true},"in2DMode":false,"pivot":{"x":-0.9104411602020264,"y":0.18202590942382813,"z":5.384145736694336},"rotation":{"x":0.5181152820587158,"y":-0.0019244062714278699,"z":0.0011657847790047527,"w":0.8553071618080139},"size":14.676288604736329,"orthographic":true}